Purpose,Age,Job,Credit amount,Duration
5.0,-0.9275465787730462,0.1469491804436178,0.25829777146979094,-0.07492045278969563
3.0,0.8315024991200816,-1.3837714491773996,1.6760712576681487,1.2525737273156552
